{
  "temployeepaysettings": [
    {
      "type": "TEmployeepaysettings",
      "fields": {
        "Abn": 0,
        "DateLastActuallyPaid": "",
        "Employee": {
          "type": "TEmployeeDetails",
          "fields": {
            "ABN": "",
            "Active": true,
            "AlHours": 0,
            "Allowances": 0,
            "AltContact": "",
            "AltPhone": "",
            "AnnuitySuperPension": false,
            "Area": "",
            "AreaRange": "",
            "Award": 0,
            "BasisOfPayment": "F",
            "CallPriority": 5,
            "Canvasser": false,
            "CdeProject": false,
            "CdepWageTotal": 0,
            "CgtExempt": 0,
            "Classification": "",
            "ClientID": 0,
            "Commission": 0,
            "CommissionFlatRate": 0,
            "CommissionInvoiceExPrice": false,
            "CommissionLastPaid": "",
            "CommissionOn": "I",
            "CommissionOnValue": "PROFIT",
            "Company": "",
            "ConcessionalComponent": 0,
            "Country": "Australia",
            "CreationDate": "2021-05-18 00:00:00",
            "CustFld1": "",
            "DateFinished": "",
            "DateSigned": "1905-01-30 00:00:00",
            "DateStarted": "2020-01-01 00:00:00",
            "DaysPost30061983": 0,
            "DaysPre01071983": 0,
            "Deductions": 0,
            "DefaultClassID": 1,
            "DefaultClassName": "Default",
            "DefaultContactMethod": "",
            "DefaultInvoiceTemplateID": 0,
            "DOB": "1979-01-01 00:00:00",
            "Email": "binny@erpoz.com",
            "EmailsFromEmployeeAddress": true,
            "EmployeeHasCommission": false,
            "EmployeeName": "binny jacob",
            "EmployeeNo": 177,
            "ExtraTax": 0,
            "ExtraTaxOptions": "$",
            "FamilyTaxBenefit": false,
            "FaxNumber": "",
            "FirstName": "binny",
            "FringeBenefits": 0,
            "GlobalRef": "DEF37",
            "GoogleEmail": "",
            "GooglePassword": "",
            "Gross": 0,
            "Hecsindicator": false,
            "HecsTaxScale": 0,
            "ID": 37,
            "IncomeType": false,
            "Initials": "",
            "IsCommissionOnPaidInvoice": true,
            "ISEmpty": false,
            "IsOnTheRoster": false,
            "IsTerminated": false,
            "KeyStringFieldName": "EmployeeName",
            "KeyValue": "binny jacob",
            "LastName": "jacob",
            "LastPaid": "",
            "LastPayPeriod": 1,
            "LastUpdated": "",
            "LeaveLoading": 0,
            "LoadHoursFromRoster": false,
            "LoadLeaveFromRoster": false,
            "MealBreakHours": 0,
            "MealBreakThreshold": 0,
            "MiddleName": "",
            "Mobile": "",
            "MsTimeStamp": "2022-02-16 19:05:50",
            "MsUpdateSiteCode": "DEF",
            "Net": 0,
            "NextOfKin": "",
            "NextOfKinPhone": "",
            "NextOfKinRelationship": "",
            "NonQualifyingComponent": 0,
            "Notes": "",
            "onPMRoster": false,
            "OptionNo": 0,
            "OverHeadBaseRate": 0,
            "OverheadRate": 0,
            "PayNotes": "",
            "Payperiod": "",
            "PaySuperonLeaveLoading": true,
            "PayVia": false,
            "Pensioner": false,
            "Phone": "88888888",
            "PhotoIDVaildFromDate": "",
            "PhotoIDVaildToDate": "",
            "Position": "",
            "PostCode": "4211",
            "ProductHasCommission": false,
            "Recno": 1,
            "Rep": false,
            "RepCode": "",
            "ReportsTo": 0,
            "Resident": true,
            "SalesTarget": 0,
            "SendPayslipViaEmail": "F",
            "Sex": "F",
            "SickHours": 0,
            "SignaturePresent": false,
            "SkypeName": "",
            "State": "Queensland",
            "Street": "52 Castle Hill Dr",
            "Street2": "Gaven",
            "Street3": "",
            "StudentLoanIndicator": false,
            "StudentLoanTaxScale": 0,
            "Suburb": "",
            "Sundries": 0,
            "Super": 0,
            "SynchWithGoogle": false,
            "Tax": 0,
            "TaxFreeThreshold": false,
            "TaxScaleID": 2,
            "TFN": "",
            "TfnApplicationMade": false,
            "Title": "",
            "TrackSales": false,
            "UndeductedContribution": 0,
            "Under18": false,
            "UseAward": false,
            "UseClassificationAdvance": false,
            "UseoFtFnForSuper": false,
            "User": {
              "type": "TUser",
              "fields": {
                "Active": true,
                "EmployeeId": 37,
                "EmployeeName": "binny jacob",
                "GlobalRef": "DEF59",
                "ID": 59,
                "ISEmpty": false,
                "IsVS1User": false,
                "KeyStringFieldName": "Logon_Name,Logon_Password",
                "KeyValue": "binny@erpoz.com,******",
                "LogonName": "binny@erpoz.com",
                "LogonPassword": "binny@erpoz.com",
                "Logon_Name": "binny@erpoz.com",
                "MsTimeStamp": "2021-08-06 08:07:09",
                "MsUpdateSiteCode": "DEF",
                "PasswordDate": "",
                "PasswordHash": "13EB3FA6FAF998E5F8A2D9AAC6F6602B",
                "Recno": 1
              }
            },
            "Wages": 0,
            "WorkersCompInsurer": 0,
            "WorkersCompRate": 0,
            "WorkPhone": "",
            "ZoneDependentSpecial": false
          }
        },
        "Employeeid": 37,
        "Employeepaynotes": "",
        "FirstPayDate": "2022-02-18 00:00:00",
        "GlobalRef": "DEF27",
        "ID": 27,
        "IsContractedOut": false,
        "IsDirector": false,
        "ISEmpty": false,
        "IsMarriedWoman": false,
        "Isontheroster": false,
        "KeyStringFieldName": "",
        "KeyValue": "",
        "LastPaid": "2022-02-18 00:00:00",
        "MsTimeStamp": "2022-02-16 19:06:07",
        "MsUpdateSiteCode": "DEF",
        "NICTableLetter": "A",
        "NonWageIncome": 0,
        "Payperiod": "Fortnightly",
        "PayPeriodInDays": 14,
        "Recno": 1,
        "STPJobkeeperFinishDateDesc": "30/12/1899 - 30/12/1899",
        "STPJobkeeperFinishFN": "",
        "STPJobkeeperFinishFNDesc": "",
        "STPJobkeeperStartDateDesc": "30/12/1899 - 30/12/1899",
        "STPJobkeeperStartFN": "",
        "STPJobkeeperStartFNDesc": "",
        "STPTier": 0,
        "STPTierDesc": "",
        "Uknino": "",
        "Uktaxcode": ""
      }
    }
  ]
}
