[
    {
        "DateFrom_1": "2022-04-01 00:00:00",
        "DateTo_1": "2022-04-30 00:00:00",
        "DateDesc_1": "Apr 2022",
        "DateFrom_2": "2022-05-01 00:00:00",
        "DateTo_2": "2022-05-31 00:00:00",
        "DateDesc_2": "May 2022",
        "DateFrom_3": "2022-06-01 00:00:00",
        "DateTo_3": "2022-06-30 00:00:00",
        "DateDesc_3": "Jun 2022",
        "HidePercentage": true,
        "AccountID": 0,
        "AccountType": "INC",
        "AccountTypeDesc": "Income",
        "AccountName": "",
        "Amount_1": 0,
        "Percentage_1": "",
        "Amount_2": 0,
        "Percentage_2": "",
        "Change_2": 0,
        "ChangePercent_2": 0,
        "Amount_3": 0,
        "Percentage_3": "",
        "Change_3": 0,
        "ChangePercent_3": 0,
        "Amount_4": 0,
        "Percentage_4": "0%",
        "Amount_5": 0,
        "Percentage_5": "0%",
        "Amount_6": 0,
        "Percentage_6": "0%",
        "Amount_7": 0,
        "Percentage_7": "0%",
        "Amount_8": 0,
        "Percentage_8": "0%",
        "Amount_9": 0,
        "Percentage_9": "0%",
        "Amount_10": 0,
        "Percentage_10": "0%",
        "Amount_11": 0,
        "Percentage_11": "0%",
        "Amount_12": 0,
        "Percentage_12": "0%",
        "Amount_13": 0,
        "Percentage_13": "0%",
        "Amount_14": 0,
        "Percentage_14": "0%",
        "Amount_15": 0,
        "Percentage_15": "0%",
        "Amount_16": 0,
        "Percentage_16": "0%",
        "Amount_17": 0,
        "Percentage_17": "0%",
        "Amount_18": 0,
        "Percentage_18": "0%",
        "Amount_19": 0,
        "Percentage_19": "0%",
        "Amount_20": 0,
        "Percentage_20": "0%",
        "TotalAmount": 0,
        "FinalOrder": 2,
        "AccountHeaderOrder": "",
        "AccountSub1Order": "",
        "AccountSub2Order": "",
        "AccountSub3Order": "",
        "HideTotal": true,
        "id": 1
    },
    {
        "DateFrom_1": "2022-04-01 00:00:00",
        "DateTo_1": "2022-04-30 00:00:00",
        "DateDesc_1": "Apr 2022",
        "DateFrom_2": "2022-05-01 00:00:00",
        "DateTo_2": "2022-05-31 00:00:00",
        "DateDesc_2": "May 2022",
        "DateFrom_3": "2022-06-01 00:00:00",
        "DateTo_3": "2022-06-30 00:00:00",
        "DateDesc_3": "Jun 2022",
        "HidePercentage": false,
        "AccountID": 179,
        "AccountType": "INC",
        "AccountTypeDesc": "",
        "AccountName": "Acc Income",
        "Amount_1": -620,
        "Percentage_1": "185.1%",
        "Amount_2": 0,
        "Percentage_2": "",
        "Change_2": 620,
        "ChangePercent_2": -100,
        "Amount_3": 0,
        "Percentage_3": "",
        "Change_3": 0,
        "ChangePercent_3": 0,
        "Amount_4": 0,
        "Percentage_4": "0%",
        "Amount_5": 0,
        "Percentage_5": "0%",
        "Amount_6": 0,
        "Percentage_6": "0%",
        "Amount_7": 0,
        "Percentage_7": "0%",
        "Amount_8": 0,
        "Percentage_8": "0%",
        "Amount_9": 0,
        "Percentage_9": "0%",
        "Amount_10": 0,
        "Percentage_10": "0%",
        "Amount_11": 0,
        "Percentage_11": "0%",
        "Amount_12": 0,
        "Percentage_12": "0%",
        "Amount_13": 0,
        "Percentage_13": "0%",
        "Amount_14": 0,
        "Percentage_14": "0%",
        "Amount_15": 0,
        "Percentage_15": "0%",
        "Amount_16": 0,
        "Percentage_16": "0%",
        "Amount_17": 0,
        "Percentage_17": "0%",
        "Amount_18": 0,
        "Percentage_18": "0%",
        "Amount_19": 0,
        "Percentage_19": "0%",
        "Amount_20": 0,
        "Percentage_20": "0%",
        "TotalAmount": -620,
        "FinalOrder": 3,
        "AccountHeaderOrder": "Acc Income",
        "AccountSub1Order": "",
        "AccountSub2Order": "",
        "AccountSub3Order": "",
        "HideTotal": true,
        "id": 2
    },
    {
        "DateFrom_1": "2022-04-01 00:00:00",
        "DateTo_1": "2022-04-30 00:00:00",
        "DateDesc_1": "Apr 2022",
        "DateFrom_2": "2022-05-01 00:00:00",
        "DateTo_2": "2022-05-31 00:00:00",
        "DateDesc_2": "May 2022",
        "DateFrom_3": "2022-06-01 00:00:00",
        "DateTo_3": "2022-06-30 00:00:00",
        "DateDesc_3": "Jun 2022",
        "HidePercentage": false,
        "AccountID": 7,
        "AccountType": "INC",
        "AccountTypeDesc": "",
        "AccountName": "Sales",
        "Amount_1": 285,
        "Percentage_1": "-85.1%",
        "Amount_2": 20,
        "Percentage_2": "100.0%",
        "Change_2": -265,
        "ChangePercent_2": -93,
        "Amount_3": 0,
        "Percentage_3": "",
        "Change_3": -20,
        "ChangePercent_3": -100,
        "Amount_4": 0,
        "Percentage_4": "0%",
        "Amount_5": 0,
        "Percentage_5": "0%",
        "Amount_6": 0,
        "Percentage_6": "0%",
        "Amount_7": 0,
        "Percentage_7": "0%",
        "Amount_8": 0,
        "Percentage_8": "0%",
        "Amount_9": 0,
        "Percentage_9": "0%",
        "Amount_10": 0,
        "Percentage_10": "0%",
        "Amount_11": 0,
        "Percentage_11": "0%",
        "Amount_12": 0,
        "Percentage_12": "0%",
        "Amount_13": 0,
        "Percentage_13": "0%",
        "Amount_14": 0,
        "Percentage_14": "0%",
        "Amount_15": 0,
        "Percentage_15": "0%",
        "Amount_16": 0,
        "Percentage_16": "0%",
        "Amount_17": 0,
        "Percentage_17": "0%",
        "Amount_18": 0,
        "Percentage_18": "0%",
        "Amount_19": 0,
        "Percentage_19": "0%",
        "Amount_20": 0,
        "Percentage_20": "0%",
        "TotalAmount": 305,
        "FinalOrder": 3,
        "AccountHeaderOrder": "Sales",
        "AccountSub1Order": "",
        "AccountSub2Order": "",
        "AccountSub3Order": "",
        "HideTotal": true,
        "id": 3
    },
    {
        "DateFrom_1": "2022-04-01 00:00:00",
        "DateTo_1": "2022-04-30 00:00:00",
        "DateDesc_1": "Apr 2022",
        "DateFrom_2": "2022-05-01 00:00:00",
        "DateTo_2": "2022-05-31 00:00:00",
        "DateDesc_2": "May 2022",
        "DateFrom_3": "2022-06-01 00:00:00",
        "DateTo_3": "2022-06-30 00:00:00",
        "DateDesc_3": "Jun 2022",
        "HidePercentage": false,
        "AccountID": 0,
        "AccountType": "INC",
        "AccountTypeDesc": "Total Income",
        "AccountName": "",
        "Amount_1": -335,
        "Percentage_1": "100.0%",
        "Amount_2": 20,
        "Percentage_2": "100.0%",
        "Change_2": 355,
        "ChangePercent_2": -106,
        "Amount_3": 0,
        "Percentage_3": "",
        "Change_3": -20,
        "ChangePercent_3": -100,
        "Amount_4": 0,
        "Percentage_4": "0%",
        "Amount_5": 0,
        "Percentage_5": "0%",
        "Amount_6": 0,
        "Percentage_6": "0%",
        "Amount_7": 0,
        "Percentage_7": "0%",
        "Amount_8": 0,
        "Percentage_8": "0%",
        "Amount_9": 0,
        "Percentage_9": "0%",
        "Amount_10": 0,
        "Percentage_10": "0%",
        "Amount_11": 0,
        "Percentage_11": "0%",
        "Amount_12": 0,
        "Percentage_12": "0%",
        "Amount_13": 0,
        "Percentage_13": "0%",
        "Amount_14": 0,
        "Percentage_14": "0%",
        "Amount_15": 0,
        "Percentage_15": "0%",
        "Amount_16": 0,
        "Percentage_16": "0%",
        "Amount_17": 0,
        "Percentage_17": "0%",
        "Amount_18": 0,
        "Percentage_18": "0%",
        "Amount_19": 0,
        "Percentage_19": "0%",
        "Amount_20": 0,
        "Percentage_20": "0%",
        "TotalAmount": -315,
        "FinalOrder": 4,
        "AccountHeaderOrder": "Acc Income",
        "AccountSub1Order": "",
        "AccountSub2Order": "",
        "AccountSub3Order": "",
        "HideTotal": true,
        "id": 4
    },
    {
        "DateFrom_1": "2022-04-01 00:00:00",
        "DateTo_1": "2022-04-30 00:00:00",
        "DateDesc_1": "Apr 2022",
        "DateFrom_2": "2022-05-01 00:00:00",
        "DateTo_2": "2022-05-31 00:00:00",
        "DateDesc_2": "May 2022",
        "DateFrom_3": "2022-06-01 00:00:00",
        "DateTo_3": "2022-06-30 00:00:00",
        "DateDesc_3": "Jun 2022",
        "HidePercentage": true,
        "AccountID": 0,
        "AccountType": "",
        "AccountTypeDesc": "",
        "AccountName": "",
        "Amount_1": 0,
        "Percentage_1": "",
        "Amount_2": 0,
        "Percentage_2": "",
        "Change_2": 0,
        "ChangePercent_2": 0,
        "Amount_3": 0,
        "Percentage_3": "",
        "Change_3": 0,
        "ChangePercent_3": 0,
        "Amount_4": 0,
        "Percentage_4": "0%",
        "Amount_5": 0,
        "Percentage_5": "0%",
        "Amount_6": 0,
        "Percentage_6": "0%",
        "Amount_7": 0,
        "Percentage_7": "0%",
        "Amount_8": 0,
        "Percentage_8": "0%",
        "Amount_9": 0,
        "Percentage_9": "0%",
        "Amount_10": 0,
        "Percentage_10": "0%",
        "Amount_11": 0,
        "Percentage_11": "0%",
        "Amount_12": 0,
        "Percentage_12": "0%",
        "Amount_13": 0,
        "Percentage_13": "0%",
        "Amount_14": 0,
        "Percentage_14": "0%",
        "Amount_15": 0,
        "Percentage_15": "0%",
        "Amount_16": 0,
        "Percentage_16": "0%",
        "Amount_17": 0,
        "Percentage_17": "0%",
        "Amount_18": 0,
        "Percentage_18": "0%",
        "Amount_19": 0,
        "Percentage_19": "0%",
        "Amount_20": 0,
        "Percentage_20": "0%",
        "TotalAmount": 0,
        "FinalOrder": 5,
        "AccountHeaderOrder": "",
        "AccountSub1Order": "",
        "AccountSub2Order": "",
        "AccountSub3Order": "",
        "HideTotal": true,
        "id": 5
    },
    {
        "DateFrom_1": "2022-04-01 00:00:00",
        "DateTo_1": "2022-04-30 00:00:00",
        "DateDesc_1": "Apr 2022",
        "DateFrom_2": "2022-05-01 00:00:00",
        "DateTo_2": "2022-05-31 00:00:00",
        "DateDesc_2": "May 2022",
        "DateFrom_3": "2022-06-01 00:00:00",
        "DateTo_3": "2022-06-30 00:00:00",
        "DateDesc_3": "Jun 2022",
        "HidePercentage": true,
        "AccountID": 0,
        "AccountType": "COGS",
        "AccountTypeDesc": "Cost of Goods Sold",
        "AccountName": "",
        "Amount_1": 0,
        "Percentage_1": "",
        "Amount_2": 0,
        "Percentage_2": "",
        "Change_2": 0,
        "ChangePercent_2": 0,
        "Amount_3": 0,
        "Percentage_3": "",
        "Change_3": 0,
        "ChangePercent_3": 0,
        "Amount_4": 0,
        "Percentage_4": "0%",
        "Amount_5": 0,
        "Percentage_5": "0%",
        "Amount_6": 0,
        "Percentage_6": "0%",
        "Amount_7": 0,
        "Percentage_7": "0%",
        "Amount_8": 0,
        "Percentage_8": "0%",
        "Amount_9": 0,
        "Percentage_9": "0%",
        "Amount_10": 0,
        "Percentage_10": "0%",
        "Amount_11": 0,
        "Percentage_11": "0%",
        "Amount_12": 0,
        "Percentage_12": "0%",
        "Amount_13": 0,
        "Percentage_13": "0%",
        "Amount_14": 0,
        "Percentage_14": "0%",
        "Amount_15": 0,
        "Percentage_15": "0%",
        "Amount_16": 0,
        "Percentage_16": "0%",
        "Amount_17": 0,
        "Percentage_17": "0%",
        "Amount_18": 0,
        "Percentage_18": "0%",
        "Amount_19": 0,
        "Percentage_19": "0%",
        "Amount_20": 0,
        "Percentage_20": "0%",
        "TotalAmount": 0,
        "FinalOrder": 6,
        "AccountHeaderOrder": "",
        "AccountSub1Order": "",
        "AccountSub2Order": "",
        "AccountSub3Order": "",
        "HideTotal": true,
        "id": 6
    },
    {
        "DateFrom_1": "2022-04-01 00:00:00",
        "DateTo_1": "2022-04-30 00:00:00",
        "DateDesc_1": "Apr 2022",
        "DateFrom_2": "2022-05-01 00:00:00",
        "DateTo_2": "2022-05-31 00:00:00",
        "DateDesc_2": "May 2022",
        "DateFrom_3": "2022-06-01 00:00:00",
        "DateTo_3": "2022-06-30 00:00:00",
        "DateDesc_3": "Jun 2022",
        "HidePercentage": false,
        "AccountID": 4,
        "AccountType": "COGS",
        "AccountTypeDesc": "",
        "AccountName": "Cost of Goods Sold",
        "Amount_1": -67.5,
        "Percentage_1": "100.0%",
        "Amount_2": -0.5,
        "Percentage_2": "100.0%",
        "Change_2": 67,
        "ChangePercent_2": -99.3,
        "Amount_3": 0,
        "Percentage_3": "",
        "Change_3": 0.5,
        "ChangePercent_3": -100,
        "Amount_4": 0,
        "Percentage_4": "0%",
        "Amount_5": 0,
        "Percentage_5": "0%",
        "Amount_6": 0,
        "Percentage_6": "0%",
        "Amount_7": 0,
        "Percentage_7": "0%",
        "Amount_8": 0,
        "Percentage_8": "0%",
        "Amount_9": 0,
        "Percentage_9": "0%",
        "Amount_10": 0,
        "Percentage_10": "0%",
        "Amount_11": 0,
        "Percentage_11": "0%",
        "Amount_12": 0,
        "Percentage_12": "0%",
        "Amount_13": 0,
        "Percentage_13": "0%",
        "Amount_14": 0,
        "Percentage_14": "0%",
        "Amount_15": 0,
        "Percentage_15": "0%",
        "Amount_16": 0,
        "Percentage_16": "0%",
        "Amount_17": 0,
        "Percentage_17": "0%",
        "Amount_18": 0,
        "Percentage_18": "0%",
        "Amount_19": 0,
        "Percentage_19": "0%",
        "Amount_20": 0,
        "Percentage_20": "0%",
        "TotalAmount": -68,
        "FinalOrder": 7,
        "AccountHeaderOrder": "Cost of Goods Sold",
        "AccountSub1Order": "",
        "AccountSub2Order": "",
        "AccountSub3Order": "",
        "HideTotal": true,
        "id": 7
    },
    {
        "DateFrom_1": "2022-04-01 00:00:00",
        "DateTo_1": "2022-04-30 00:00:00",
        "DateDesc_1": "Apr 2022",
        "DateFrom_2": "2022-05-01 00:00:00",
        "DateTo_2": "2022-05-31 00:00:00",
        "DateDesc_2": "May 2022",
        "DateFrom_3": "2022-06-01 00:00:00",
        "DateTo_3": "2022-06-30 00:00:00",
        "DateDesc_3": "Jun 2022",
        "HidePercentage": false,
        "AccountID": 0,
        "AccountType": "COGS",
        "AccountTypeDesc": "Total COGS",
        "AccountName": "",
        "Amount_1": -67.5,
        "Percentage_1": "100.0%",
        "Amount_2": -0.5,
        "Percentage_2": "100.0%",
        "Change_2": 67,
        "ChangePercent_2": -99.3,
        "Amount_3": 0,
        "Percentage_3": "",
        "Change_3": 0.5,
        "ChangePercent_3": -100,
        "Amount_4": 0,
        "Percentage_4": "0%",
        "Amount_5": 0,
        "Percentage_5": "0%",
        "Amount_6": 0,
        "Percentage_6": "0%",
        "Amount_7": 0,
        "Percentage_7": "0%",
        "Amount_8": 0,
        "Percentage_8": "0%",
        "Amount_9": 0,
        "Percentage_9": "0%",
        "Amount_10": 0,
        "Percentage_10": "0%",
        "Amount_11": 0,
        "Percentage_11": "0%",
        "Amount_12": 0,
        "Percentage_12": "0%",
        "Amount_13": 0,
        "Percentage_13": "0%",
        "Amount_14": 0,
        "Percentage_14": "0%",
        "Amount_15": 0,
        "Percentage_15": "0%",
        "Amount_16": 0,
        "Percentage_16": "0%",
        "Amount_17": 0,
        "Percentage_17": "0%",
        "Amount_18": 0,
        "Percentage_18": "0%",
        "Amount_19": 0,
        "Percentage_19": "0%",
        "Amount_20": 0,
        "Percentage_20": "0%",
        "TotalAmount": -68,
        "FinalOrder": 8,
        "AccountHeaderOrder": "Cost of Goods Sold",
        "AccountSub1Order": "",
        "AccountSub2Order": "",
        "AccountSub3Order": "",
        "HideTotal": true,
        "id": 8
    },
    {
        "DateFrom_1": "2022-04-01 00:00:00",
        "DateTo_1": "2022-04-30 00:00:00",
        "DateDesc_1": "Apr 2022",
        "DateFrom_2": "2022-05-01 00:00:00",
        "DateTo_2": "2022-05-31 00:00:00",
        "DateDesc_2": "May 2022",
        "DateFrom_3": "2022-06-01 00:00:00",
        "DateTo_3": "2022-06-30 00:00:00",
        "DateDesc_3": "Jun 2022",
        "HidePercentage": true,
        "AccountID": 0,
        "AccountType": "",
        "AccountTypeDesc": "",
        "AccountName": "",
        "Amount_1": 0,
        "Percentage_1": "",
        "Amount_2": 0,
        "Percentage_2": "",
        "Change_2": 0,
        "ChangePercent_2": 0,
        "Amount_3": 0,
        "Percentage_3": "",
        "Change_3": 0,
        "ChangePercent_3": 0,
        "Amount_4": 0,
        "Percentage_4": "0%",
        "Amount_5": 0,
        "Percentage_5": "0%",
        "Amount_6": 0,
        "Percentage_6": "0%",
        "Amount_7": 0,
        "Percentage_7": "0%",
        "Amount_8": 0,
        "Percentage_8": "0%",
        "Amount_9": 0,
        "Percentage_9": "0%",
        "Amount_10": 0,
        "Percentage_10": "0%",
        "Amount_11": 0,
        "Percentage_11": "0%",
        "Amount_12": 0,
        "Percentage_12": "0%",
        "Amount_13": 0,
        "Percentage_13": "0%",
        "Amount_14": 0,
        "Percentage_14": "0%",
        "Amount_15": 0,
        "Percentage_15": "0%",
        "Amount_16": 0,
        "Percentage_16": "0%",
        "Amount_17": 0,
        "Percentage_17": "0%",
        "Amount_18": 0,
        "Percentage_18": "0%",
        "Amount_19": 0,
        "Percentage_19": "0%",
        "Amount_20": 0,
        "Percentage_20": "0%",
        "TotalAmount": 0,
        "FinalOrder": 9,
        "AccountHeaderOrder": "",
        "AccountSub1Order": "",
        "AccountSub2Order": "",
        "AccountSub3Order": "",
        "HideTotal": true,
        "id": 9
    },
    {
        "DateFrom_1": "2022-04-01 00:00:00",
        "DateTo_1": "2022-04-30 00:00:00",
        "DateDesc_1": "Apr 2022",
        "DateFrom_2": "2022-05-01 00:00:00",
        "DateTo_2": "2022-05-31 00:00:00",
        "DateDesc_2": "May 2022",
        "DateFrom_3": "2022-06-01 00:00:00",
        "DateTo_3": "2022-06-30 00:00:00",
        "DateDesc_3": "Jun 2022",
        "HidePercentage": true,
        "AccountID": 0,
        "AccountType": "",
        "AccountTypeDesc": "Gross Profit",
        "AccountName": "",
        "Amount_1": -402.5,
        "Percentage_1": "100.0%",
        "Amount_2": 19.5,
        "Percentage_2": "100.0%",
        "Change_2": 422,
        "ChangePercent_2": -104.8,
        "Amount_3": 0,
        "Percentage_3": "",
        "Change_3": -19.5,
        "ChangePercent_3": -100,
        "Amount_4": 0,
        "Percentage_4": "0%",
        "Amount_5": 0,
        "Percentage_5": "0%",
        "Amount_6": 0,
        "Percentage_6": "0%",
        "Amount_7": 0,
        "Percentage_7": "0%",
        "Amount_8": 0,
        "Percentage_8": "0%",
        "Amount_9": 0,
        "Percentage_9": "0%",
        "Amount_10": 0,
        "Percentage_10": "0%",
        "Amount_11": 0,
        "Percentage_11": "0%",
        "Amount_12": 0,
        "Percentage_12": "0%",
        "Amount_13": 0,
        "Percentage_13": "0%",
        "Amount_14": 0,
        "Percentage_14": "0%",
        "Amount_15": 0,
        "Percentage_15": "0%",
        "Amount_16": 0,
        "Percentage_16": "0%",
        "Amount_17": 0,
        "Percentage_17": "0%",
        "Amount_18": 0,
        "Percentage_18": "0%",
        "Amount_19": 0,
        "Percentage_19": "0%",
        "Amount_20": 0,
        "Percentage_20": "0%",
        "TotalAmount": -383,
        "FinalOrder": 10,
        "AccountHeaderOrder": "Acc Income",
        "AccountSub1Order": "",
        "AccountSub2Order": "",
        "AccountSub3Order": "",
        "HideTotal": true,
        "id": 10
    },
    {
        "DateFrom_1": "2022-04-01 00:00:00",
        "DateTo_1": "2022-04-30 00:00:00",
        "DateDesc_1": "Apr 2022",
        "DateFrom_2": "2022-05-01 00:00:00",
        "DateTo_2": "2022-05-31 00:00:00",
        "DateDesc_2": "May 2022",
        "DateFrom_3": "2022-06-01 00:00:00",
        "DateTo_3": "2022-06-30 00:00:00",
        "DateDesc_3": "Jun 2022",
        "HidePercentage": true,
        "AccountID": 0,
        "AccountType": "",
        "AccountTypeDesc": "",
        "AccountName": "",
        "Amount_1": 0,
        "Percentage_1": "",
        "Amount_2": 0,
        "Percentage_2": "",
        "Change_2": 0,
        "ChangePercent_2": 0,
        "Amount_3": 0,
        "Percentage_3": "",
        "Change_3": 0,
        "ChangePercent_3": 0,
        "Amount_4": 0,
        "Percentage_4": "0%",
        "Amount_5": 0,
        "Percentage_5": "0%",
        "Amount_6": 0,
        "Percentage_6": "0%",
        "Amount_7": 0,
        "Percentage_7": "0%",
        "Amount_8": 0,
        "Percentage_8": "0%",
        "Amount_9": 0,
        "Percentage_9": "0%",
        "Amount_10": 0,
        "Percentage_10": "0%",
        "Amount_11": 0,
        "Percentage_11": "0%",
        "Amount_12": 0,
        "Percentage_12": "0%",
        "Amount_13": 0,
        "Percentage_13": "0%",
        "Amount_14": 0,
        "Percentage_14": "0%",
        "Amount_15": 0,
        "Percentage_15": "0%",
        "Amount_16": 0,
        "Percentage_16": "0%",
        "Amount_17": 0,
        "Percentage_17": "0%",
        "Amount_18": 0,
        "Percentage_18": "0%",
        "Amount_19": 0,
        "Percentage_19": "0%",
        "Amount_20": 0,
        "Percentage_20": "0%",
        "TotalAmount": 0,
        "FinalOrder": 11,
        "AccountHeaderOrder": "",
        "AccountSub1Order": "",
        "AccountSub2Order": "",
        "AccountSub3Order": "",
        "HideTotal": true,
        "id": 11
    },
    {
        "DateFrom_1": "2022-04-01 00:00:00",
        "DateTo_1": "2022-04-30 00:00:00",
        "DateDesc_1": "Apr 2022",
        "DateFrom_2": "2022-05-01 00:00:00",
        "DateTo_2": "2022-05-31 00:00:00",
        "DateDesc_2": "May 2022",
        "DateFrom_3": "2022-06-01 00:00:00",
        "DateTo_3": "2022-06-30 00:00:00",
        "DateDesc_3": "Jun 2022",
        "HidePercentage": true,
        "AccountID": 0,
        "AccountType": "EXP",
        "AccountTypeDesc": "Expense",
        "AccountName": "",
        "Amount_1": 0,
        "Percentage_1": "",
        "Amount_2": 0,
        "Percentage_2": "",
        "Change_2": 0,
        "ChangePercent_2": 0,
        "Amount_3": 0,
        "Percentage_3": "",
        "Change_3": 0,
        "ChangePercent_3": 0,
        "Amount_4": 0,
        "Percentage_4": "0%",
        "Amount_5": 0,
        "Percentage_5": "0%",
        "Amount_6": 0,
        "Percentage_6": "0%",
        "Amount_7": 0,
        "Percentage_7": "0%",
        "Amount_8": 0,
        "Percentage_8": "0%",
        "Amount_9": 0,
        "Percentage_9": "0%",
        "Amount_10": 0,
        "Percentage_10": "0%",
        "Amount_11": 0,
        "Percentage_11": "0%",
        "Amount_12": 0,
        "Percentage_12": "0%",
        "Amount_13": 0,
        "Percentage_13": "0%",
        "Amount_14": 0,
        "Percentage_14": "0%",
        "Amount_15": 0,
        "Percentage_15": "0%",
        "Amount_16": 0,
        "Percentage_16": "0%",
        "Amount_17": 0,
        "Percentage_17": "0%",
        "Amount_18": 0,
        "Percentage_18": "0%",
        "Amount_19": 0,
        "Percentage_19": "0%",
        "Amount_20": 0,
        "Percentage_20": "0%",
        "TotalAmount": 0,
        "FinalOrder": 12,
        "AccountHeaderOrder": "",
        "AccountSub1Order": "",
        "AccountSub2Order": "",
        "AccountSub3Order": "",
        "HideTotal": true,
        "id": 12
    },
    {
        "DateFrom_1": "2022-04-01 00:00:00",
        "DateTo_1": "2022-04-30 00:00:00",
        "DateDesc_1": "Apr 2022",
        "DateFrom_2": "2022-05-01 00:00:00",
        "DateTo_2": "2022-05-31 00:00:00",
        "DateDesc_2": "May 2022",
        "DateFrom_3": "2022-06-01 00:00:00",
        "DateTo_3": "2022-06-30 00:00:00",
        "DateDesc_3": "Jun 2022",
        "HidePercentage": false,
        "AccountID": 49,
        "AccountType": "EXP",
        "AccountTypeDesc": "",
        "AccountName": "Advertising",
        "Amount_1": 500,
        "Percentage_1": "100.0%",
        "Amount_2": 0,
        "Percentage_2": "",
        "Change_2": -500,
        "ChangePercent_2": -100,
        "Amount_3": 0,
        "Percentage_3": "",
        "Change_3": 0,
        "ChangePercent_3": 0,
        "Amount_4": 0,
        "Percentage_4": "0%",
        "Amount_5": 0,
        "Percentage_5": "0%",
        "Amount_6": 0,
        "Percentage_6": "0%",
        "Amount_7": 0,
        "Percentage_7": "0%",
        "Amount_8": 0,
        "Percentage_8": "0%",
        "Amount_9": 0,
        "Percentage_9": "0%",
        "Amount_10": 0,
        "Percentage_10": "0%",
        "Amount_11": 0,
        "Percentage_11": "0%",
        "Amount_12": 0,
        "Percentage_12": "0%",
        "Amount_13": 0,
        "Percentage_13": "0%",
        "Amount_14": 0,
        "Percentage_14": "0%",
        "Amount_15": 0,
        "Percentage_15": "0%",
        "Amount_16": 0,
        "Percentage_16": "0%",
        "Amount_17": 0,
        "Percentage_17": "0%",
        "Amount_18": 0,
        "Percentage_18": "0%",
        "Amount_19": 0,
        "Percentage_19": "0%",
        "Amount_20": 0,
        "Percentage_20": "0%",
        "TotalAmount": 500,
        "FinalOrder": 13,
        "AccountHeaderOrder": "Advertising",
        "AccountSub1Order": "",
        "AccountSub2Order": "",
        "AccountSub3Order": "",
        "HideTotal": true,
        "id": 13
    },
    {
        "DateFrom_1": "2022-04-01 00:00:00",
        "DateTo_1": "2022-04-30 00:00:00",
        "DateDesc_1": "Apr 2022",
        "DateFrom_2": "2022-05-01 00:00:00",
        "DateTo_2": "2022-05-31 00:00:00",
        "DateDesc_2": "May 2022",
        "DateFrom_3": "2022-06-01 00:00:00",
        "DateTo_3": "2022-06-30 00:00:00",
        "DateDesc_3": "Jun 2022",
        "HidePercentage": false,
        "AccountID": 207,
        "AccountType": "EXP",
        "AccountTypeDesc": "",
        "AccountName": "Bank Charges",
        "Amount_1": 0,
        "Percentage_1": "",
        "Amount_2": -700,
        "Percentage_2": "233.3%",
        "Change_2": -700,
        "ChangePercent_2": 0,
        "Amount_3": 0,
        "Percentage_3": "",
        "Change_3": 700,
        "ChangePercent_3": -100,
        "Amount_4": 0,
        "Percentage_4": "0%",
        "Amount_5": 0,
        "Percentage_5": "0%",
        "Amount_6": 0,
        "Percentage_6": "0%",
        "Amount_7": 0,
        "Percentage_7": "0%",
        "Amount_8": 0,
        "Percentage_8": "0%",
        "Amount_9": 0,
        "Percentage_9": "0%",
        "Amount_10": 0,
        "Percentage_10": "0%",
        "Amount_11": 0,
        "Percentage_11": "0%",
        "Amount_12": 0,
        "Percentage_12": "0%",
        "Amount_13": 0,
        "Percentage_13": "0%",
        "Amount_14": 0,
        "Percentage_14": "0%",
        "Amount_15": 0,
        "Percentage_15": "0%",
        "Amount_16": 0,
        "Percentage_16": "0%",
        "Amount_17": 0,
        "Percentage_17": "0%",
        "Amount_18": 0,
        "Percentage_18": "0%",
        "Amount_19": 0,
        "Percentage_19": "0%",
        "Amount_20": 0,
        "Percentage_20": "0%",
        "TotalAmount": -700,
        "FinalOrder": 13,
        "AccountHeaderOrder": "Bank Charges",
        "AccountSub1Order": "",
        "AccountSub2Order": "",
        "AccountSub3Order": "",
        "HideTotal": true,
        "id": 14
    },
    {
        "DateFrom_1": "2022-04-01 00:00:00",
        "DateTo_1": "2022-04-30 00:00:00",
        "DateDesc_1": "Apr 2022",
        "DateFrom_2": "2022-05-01 00:00:00",
        "DateTo_2": "2022-05-31 00:00:00",
        "DateDesc_2": "May 2022",
        "DateFrom_3": "2022-06-01 00:00:00",
        "DateTo_3": "2022-06-30 00:00:00",
        "DateDesc_3": "Jun 2022",
        "HidePercentage": false,
        "AccountID": 110,
        "AccountType": "EXP",
        "AccountTypeDesc": "",
        "AccountName": "Stock Adjustment",
        "Amount_1": 0,
        "Percentage_1": "",
        "Amount_2": 400,
        "Percentage_2": "-133.3%",
        "Change_2": 400,
        "ChangePercent_2": 0,
        "Amount_3": 0,
        "Percentage_3": "",
        "Change_3": -400,
        "ChangePercent_3": -100,
        "Amount_4": 0,
        "Percentage_4": "0%",
        "Amount_5": 0,
        "Percentage_5": "0%",
        "Amount_6": 0,
        "Percentage_6": "0%",
        "Amount_7": 0,
        "Percentage_7": "0%",
        "Amount_8": 0,
        "Percentage_8": "0%",
        "Amount_9": 0,
        "Percentage_9": "0%",
        "Amount_10": 0,
        "Percentage_10": "0%",
        "Amount_11": 0,
        "Percentage_11": "0%",
        "Amount_12": 0,
        "Percentage_12": "0%",
        "Amount_13": 0,
        "Percentage_13": "0%",
        "Amount_14": 0,
        "Percentage_14": "0%",
        "Amount_15": 0,
        "Percentage_15": "0%",
        "Amount_16": 0,
        "Percentage_16": "0%",
        "Amount_17": 0,
        "Percentage_17": "0%",
        "Amount_18": 0,
        "Percentage_18": "0%",
        "Amount_19": 0,
        "Percentage_19": "0%",
        "Amount_20": 0,
        "Percentage_20": "0%",
        "TotalAmount": 400,
        "FinalOrder": 13,
        "AccountHeaderOrder": "Stock Adjustment",
        "AccountSub1Order": "",
        "AccountSub2Order": "",
        "AccountSub3Order": "",
        "HideTotal": true,
        "id": 15
    },
    {
        "DateFrom_1": "2022-04-01 00:00:00",
        "DateTo_1": "2022-04-30 00:00:00",
        "DateDesc_1": "Apr 2022",
        "DateFrom_2": "2022-05-01 00:00:00",
        "DateTo_2": "2022-05-31 00:00:00",
        "DateDesc_2": "May 2022",
        "DateFrom_3": "2022-06-01 00:00:00",
        "DateTo_3": "2022-06-30 00:00:00",
        "DateDesc_3": "Jun 2022",
        "HidePercentage": false,
        "AccountID": 0,
        "AccountType": "EXP",
        "AccountTypeDesc": "Total Expenses",
        "AccountName": "",
        "Amount_1": 500,
        "Percentage_1": "100.0%",
        "Amount_2": -300,
        "Percentage_2": "100.0%",
        "Change_2": -800,
        "ChangePercent_2": -160,
        "Amount_3": 0,
        "Percentage_3": "",
        "Change_3": 300,
        "ChangePercent_3": -100,
        "Amount_4": 0,
        "Percentage_4": "0%",
        "Amount_5": 0,
        "Percentage_5": "0%",
        "Amount_6": 0,
        "Percentage_6": "0%",
        "Amount_7": 0,
        "Percentage_7": "0%",
        "Amount_8": 0,
        "Percentage_8": "0%",
        "Amount_9": 0,
        "Percentage_9": "0%",
        "Amount_10": 0,
        "Percentage_10": "0%",
        "Amount_11": 0,
        "Percentage_11": "0%",
        "Amount_12": 0,
        "Percentage_12": "0%",
        "Amount_13": 0,
        "Percentage_13": "0%",
        "Amount_14": 0,
        "Percentage_14": "0%",
        "Amount_15": 0,
        "Percentage_15": "0%",
        "Amount_16": 0,
        "Percentage_16": "0%",
        "Amount_17": 0,
        "Percentage_17": "0%",
        "Amount_18": 0,
        "Percentage_18": "0%",
        "Amount_19": 0,
        "Percentage_19": "0%",
        "Amount_20": 0,
        "Percentage_20": "0%",
        "TotalAmount": 200,
        "FinalOrder": 14,
        "AccountHeaderOrder": "Stock Adjustment",
        "AccountSub1Order": "",
        "AccountSub2Order": "",
        "AccountSub3Order": "",
        "HideTotal": true,
        "id": 16
    },
    {
        "DateFrom_1": "2022-04-01 00:00:00",
        "DateTo_1": "2022-04-30 00:00:00",
        "DateDesc_1": "Apr 2022",
        "DateFrom_2": "2022-05-01 00:00:00",
        "DateTo_2": "2022-05-31 00:00:00",
        "DateDesc_2": "May 2022",
        "DateFrom_3": "2022-06-01 00:00:00",
        "DateTo_3": "2022-06-30 00:00:00",
        "DateDesc_3": "Jun 2022",
        "HidePercentage": true,
        "AccountID": 0,
        "AccountType": "",
        "AccountTypeDesc": "",
        "AccountName": "",
        "Amount_1": 0,
        "Percentage_1": "",
        "Amount_2": 0,
        "Percentage_2": "",
        "Change_2": 0,
        "ChangePercent_2": 0,
        "Amount_3": 0,
        "Percentage_3": "",
        "Change_3": 0,
        "ChangePercent_3": 0,
        "Amount_4": 0,
        "Percentage_4": "0%",
        "Amount_5": 0,
        "Percentage_5": "0%",
        "Amount_6": 0,
        "Percentage_6": "0%",
        "Amount_7": 0,
        "Percentage_7": "0%",
        "Amount_8": 0,
        "Percentage_8": "0%",
        "Amount_9": 0,
        "Percentage_9": "0%",
        "Amount_10": 0,
        "Percentage_10": "0%",
        "Amount_11": 0,
        "Percentage_11": "0%",
        "Amount_12": 0,
        "Percentage_12": "0%",
        "Amount_13": 0,
        "Percentage_13": "0%",
        "Amount_14": 0,
        "Percentage_14": "0%",
        "Amount_15": 0,
        "Percentage_15": "0%",
        "Amount_16": 0,
        "Percentage_16": "0%",
        "Amount_17": 0,
        "Percentage_17": "0%",
        "Amount_18": 0,
        "Percentage_18": "0%",
        "Amount_19": 0,
        "Percentage_19": "0%",
        "Amount_20": 0,
        "Percentage_20": "0%",
        "TotalAmount": 0,
        "FinalOrder": 15,
        "AccountHeaderOrder": "",
        "AccountSub1Order": "",
        "AccountSub2Order": "",
        "AccountSub3Order": "",
        "HideTotal": true,
        "id": 17
    },
    {
        "DateFrom_1": "2022-04-01 00:00:00",
        "DateTo_1": "2022-04-30 00:00:00",
        "DateDesc_1": "Apr 2022",
        "DateFrom_2": "2022-05-01 00:00:00",
        "DateTo_2": "2022-05-31 00:00:00",
        "DateDesc_2": "May 2022",
        "DateFrom_3": "2022-06-01 00:00:00",
        "DateTo_3": "2022-06-30 00:00:00",
        "DateDesc_3": "Jun 2022",
        "HidePercentage": true,
        "AccountID": 0,
        "AccountType": "NI",
        "AccountTypeDesc": "Net Income",
        "AccountName": "",
        "Amount_1": 97.5,
        "Percentage_1": "100.0%",
        "Amount_2": -280.5,
        "Percentage_2": "100.0%",
        "Change_2": -378,
        "ChangePercent_2": -387.7,
        "Amount_3": 0,
        "Percentage_3": "",
        "Change_3": 280.5,
        "ChangePercent_3": -100,
        "Amount_4": 0,
        "Percentage_4": "0%",
        "Amount_5": 0,
        "Percentage_5": "0%",
        "Amount_6": 0,
        "Percentage_6": "0%",
        "Amount_7": 0,
        "Percentage_7": "0%",
        "Amount_8": 0,
        "Percentage_8": "0%",
        "Amount_9": 0,
        "Percentage_9": "0%",
        "Amount_10": 0,
        "Percentage_10": "0%",
        "Amount_11": 0,
        "Percentage_11": "0%",
        "Amount_12": 0,
        "Percentage_12": "0%",
        "Amount_13": 0,
        "Percentage_13": "0%",
        "Amount_14": 0,
        "Percentage_14": "0%",
        "Amount_15": 0,
        "Percentage_15": "0%",
        "Amount_16": 0,
        "Percentage_16": "0%",
        "Amount_17": 0,
        "Percentage_17": "0%",
        "Amount_18": 0,
        "Percentage_18": "0%",
        "Amount_19": 0,
        "Percentage_19": "0%",
        "Amount_20": 0,
        "Percentage_20": "0%",
        "TotalAmount": -183,
        "FinalOrder": 16,
        "AccountHeaderOrder": "Acc Income",
        "AccountSub1Order": "",
        "AccountSub2Order": "",
        "AccountSub3Order": "",
        "HideTotal": true,
        "id": 18
    }
]